[
    {
        "provinceTitle": "Gauteng",
        "cities": [
            {
                "cityName": "Johannesburg",
                "agents": [
                    {
                        "practiceName": "Erin Karam Biokineticists",
                        "physicalAddress": "Virgin Active Eastgate",
                        "street": "29 Bradford Road",
                        "area": "Bedfordview",
                        "email": "bio.erink@gmail.com   ",
                        "tel": "0722997156",
                        "assessment": "Fitness and Health Assessments",
                        "booking": "<a >Please use the practice information to make a booking<\/a>"
                    },
                    {
                        "practiceName": "Lara Leech Biokineticist",
                        "physicalAddress": "Mayo Clinic,\r\n1st floor",
                        "street": "Corner of Joseph Lister and William Nicol, \r\nConstantia Kloof",
                        "area": "Roodepoort",
                        "email": "larabiokinetics@gmail.com",
                        "tel": "0845506011 or 011 475 2840",
                        "assessment": "Fitness and Health Assessments",
                        "booking": "<a href=\"https:\/\/www.recomed.co.za\/\" >https:\/\/www.recomed.co.za\/<\/a>"
                    },
                    {
                        "practiceName": "MCG Biokinetics ",
                        "physicalAddress": "",
                        "street": "21 4th Avenue, Corner 7th Avenue",
                        "area": "Parktown North",
                        "email": "biomcg@gmail.com",
                        "tel": "0824481890",
                        "assessment": "Fitness and Health Assessments",
                        "booking": "<a href=\"https:\/\/bookme.guru\/mcgbiokinetics\/\" >https:\/\/bookme.guru\/mcgbiokinetics\/<\/a>"
                    },
                    {
                        "practiceName": "Shannon McIntyre Biokinetics",
                        "physicalAddress": "",
                        "street": "5 Ann Road",
                        "area": "Bedfordview",
                        "email": "shannonmcintyre16@gmail.co.za",
                        "tel": "0728795416 or 0823791100",
                        "assessment": "Fitness Assessments",
                        "booking": "<a >Please use the practice information to make a booking<\/a>"
                    },
                    {
                        "practiceName": "Andries Lodder Biokineticist",
                        "physicalAddress": "The Gym @ The Campus",
                        "street": "14 Trent Crecent",
                        "area": "Bryanston",
                        "email": "andries@bio4me.co.za or info@bio4me.co.za",
                        "tel": "0834686544",
                        "assessment": "Health and Fitness Assessment",
                        "booking": "<a >Please use the practice information to make a booking<\/a>"
                    },
                    {
                        "practiceName": "Danelle Potgieter Biokinetics",
                        "physicalAddress": "Virgin Active Randburg",
                        "street": "Corner of Malibongwe and Hans Schoeman Street",
                        "area": "Randburg",
                        "email": "danelledegenaar@hotmail.com",
                        "tel": "011 792 7700",
                        "assessment": "Fitness and Health assessments",
                        "booking": "<a >Please use the practice information to make a booking<\/a>"
                    },
                    {
                        "practiceName": "Lorene van Bergen Biokineticist",
                        "physicalAddress": "Virgin Active Bryanston",
                        "street": "3 Cross Place",
                        "area": "Bryanston",
                        "email": "lorenem1@gmail.com",
                        "tel": "0723560364",
                        "assessment": "Fitness and Health assessments",
                        "booking": "<a >Please use the practice information to make a booking<\/a>"
                    },
                    {
                        "practiceName": "Tamarr Shroeder Physiotherapy",
                        "physicalAddress": "Dr Thoupous Rooms\r\n(in the doctors rooms, next to the pharmacy)",
                        "street": "74 Grant Avenue",
                        "area": "Norwood",
                        "email": "tamarr@tphysio.co.za",
                        "tel": "0741656043",
                        "assessment": "Fitness assessments",
                        "booking": "<a >Please use the practice information to make a booking<\/a>"
                    },
                    {
                        "practiceName": "Brits and Range Biokineticists",
                        "physicalAddress": "Virgin Active Horizon View",
                        "street": "Cnr Van Santern Drive &amp; Hossack Ave",
                        "area": "Horizon View",
                        "email": "br.biokineticists@gmail.com and chanellrange11@gmail.com",
                        "tel": "Chanell:  0727608443 or Suzaan:  0826540123",
                        "assessment": "Fitness and Health assessments",
                        "booking": "<a >Please use the practice information to make a booking<\/a>"
                    },
                    {
                        "practiceName": "Yolanda van Vuuren Biokineticists",
                        "physicalAddress": "Planet Fitness Bedfordview",
                        "street": "Bedford Centre; Corner for Smith and Van der Linde road",
                        "area": "Bedfordview",
                        "email": "yolandevanvuuren@gmail.com",
                        "tel": "0715273990",
                        "assessment": "Fitness and Health assessments",
                        "booking": "<a >Please use the practice information to make a booking<\/a>"
                    },
                    {
                        "practiceName": "Suzaan Brits Biokineticist",
                        "physicalAddress": "",
                        "street": "100 Athol street, Highlands North",
                        "area": "Johannesburg",
                        "email": "suzaanbritsbio@gmail.com",
                        "tel": "0826540123",
                        "assessment": "Fitness and Health assessments",
                        "booking": "<a >Please use the practice information to make a booking<\/a>"
                    },
                    {
                        "practiceName": "Tammy Schultz Biokineticist",
                        "physicalAddress": "NHC Medical and Dental Centre",
                        "street": "Corner of Bryanston drive and William Nicol",
                        "area": "Bryanston",
                        "email": "tamarynr.schultz@gmail.com",
                        "tel": "011 700 6644 or 083337188",
                        "assessment": "Fitness and Health assessments",
                        "booking": "<a >Please use the practice information to make a booking<\/a>"
                    },
                    {
                        "practiceName": "Tammy-Lee Meizli Biokineticist",
                        "physicalAddress": "Westways Shopping Centre, 1st floor room 7",
                        "street": "200 Ouklip,",
                        "area": "Helderkruin",
                        "email": "tammyleemeizli@gmail.com",
                        "tel": "0746033737",
                        "assessment": "Fitness and Health assessments",
                        "booking": "<a href=\"https:\/\/www.recomed.co.za\" >https:\/\/www.recomed.co.za<\/a>"
                    },
                    {
                        "practiceName": "Benita Keeve Biokineticist",
                        "physicalAddress": "Virgin Active Bedfordview",
                        "street": "101 Van Buuren Road",
                        "area": "Bedfordview",
                        "email": "bbiokineticists@gmail.com",
                        "tel": "011 455 6762",
                        "assessment": "Fitness and Health assessments",
                        "booking": "<a >Please use the practice information to make a booking<\/a>"
                    },
                    {
                        "practiceName": "NU Biokineticists",
                        "physicalAddress": "Planet Fitness Morningside, \r\nThe Wedge Shopping Centre",
                        "street": "Rivonia Street",
                        "area": "Morningside",
                        "email": "morningside@nubio.co.za",
                        "tel": "0711442508",
                        "assessment": "Fitness and Health assessements",
                        "booking": "<a >Please use the practice information to make a booking<\/a>"
                    },
                    {
                        "practiceName": "Nadine Brown Biokineticist",
                        "physicalAddress": "Virgin Active Roodepoort,\r\nConstantia Park",
                        "street": "Corner of 14th Avenue and Hendrik Potgieter Rd",
                        "area": "Roodepoort",
                        "email": "nadine@nadinebrownbio.co.za",
                        "tel": "0714727558",
                        "assessment": "Fitness assessments",
                        "booking": "<a >Please use the practice information to make a booking<\/a>"
                    },
                    {
                        "practiceName": "Chineldi Pienaar Biokinetics",
                        "physicalAddress": "",
                        "street": "137 5th Avenue, Linden",
                        "area": "Randburg",
                        "email": "chineldi@gmail.com",
                        "tel": "0824552333",
                        "assessment": "Fitness and Health assessments",
                        "booking": "<a >Please use the practice information to make a booking<\/a>"
                    },
                    {
                        "practiceName": "Foltan and Van Der Merwe Biokineticists",
                        "physicalAddress": "Virgin Active Lonehill",
                        "street": "Lonehill Boulevard",
                        "area": "Johannesburg",
                        "email": "nicolafoltan@gmail.com",
                        "tel": "0824259394",
                        "assessment": "Fitness assessments",
                        "booking": "<a >Please use the practice information to make a booking<\/a>"
                    },
                    {
                        "practiceName": "SA Biokinetic Inc ",
                        "physicalAddress": "Ubuntu Family Health Centre. Shop LG1\r\nGrayston Shopping Centre",
                        "street": "Grayston Drive",
                        "area": "Sandton",
                        "email": "dean@sabiokinetics.co.za",
                        "tel": "010 822 3151",
                        "assessment": "Fitness assessments",
                        "booking": "<a >Please use the practice information to make a booking<\/a>"
                    },
                    {
                        "practiceName": "Ilse Senekal Biokineticists",
                        "physicalAddress": "Virgin Active Old Eds",
                        "street": "Cnr 4th and 11th Avenue, Lower Houghton",
                        "area": "Lower Houghton",
                        "email": "isenekal@mweb.co.za",
                        "tel": "0833120796",
                        "assessment": "Fitness and Health assessments",
                        "booking": "<a >Please use the practice information to make a booking<\/a>"
                    },
                    {
                        "practiceName": "Kendra Dykman Biokinetics",
                        "physicalAddress": "",
                        "street": "35 Jansen Avenue, Randpark Ridge",
                        "area": "Randburg",
                        "email": "kendra@kendradykmanbiokinetics.co.za",
                        "tel": "0844549710",
                        "assessment": "Fitness assessments",
                        "booking": "<a >Please use the practice information to make a booking<\/a>"
                    },
                    {
                        "practiceName": "Nadine Brown Biokinetics",
                        "physicalAddress": "Virgin Active Roodepoort",
                        "street": "Cnr 14th Ave &amp; Hendrik Potgieter Rd",
                        "area": "Roodepoort",
                        "email": "nadine@nadinebrownbio.co.za",
                        "tel": "0714727558",
                        "assessment": "Fitness assessments",
                        "booking": "<a >Please use the practice information to make a booking<\/a>"
                    },
                    {
                        "practiceName": "Keulder and Associates Biokinetics",
                        "physicalAddress": "Northcliff Medical Centre",
                        "street": "Cnr Beyers Naude and Acacia, Blackheath",
                        "area": "Northcliff",
                        "email": "info@lkb.co.za",
                        "tel": "011",
                        "assessment": "Fitness assessments",
                        "booking": "<a >Please use the practice information to make a booking<\/a>"
                    }
                ]
            },
            {
                "cityName": "Boksburg",
                "agents": [
                    {
                        "practiceName": "Kaylin Anne Biokineticist",
                        "physicalAddress": "Virgin Active K90,",
                        "street": "North Rand Road",
                        "area": "Boksburg North",
                        "email": "kaylin@kannebio.co.za",
                        "tel": "0734449669",
                        "assessment": "Fitness and Health assessements",
                        "booking": "<a >Please use the practice information to make a booking<\/a>"
                    }
                ]
            },
            {
                "cityName": "Centurion",
                "agents": [
                    {
                        "practiceName": "Du Toit Biokineticists",
                        "physicalAddress": "Virgin Active Centurion",
                        "street": "Bylsbridge Promenade",
                        "area": "Centurion",
                        "email": "",
                        "tel": "0825537249 \/ 0798827742                       ",
                        "assessment": "Fitness Assessments",
                        "booking": "<a >Please use the practice information to make a booking<\/a>"
                    },
                    {
                        "practiceName": "Nikus du Toit Biokineticist",
                        "physicalAddress": "Midstream Hill Medical Park,\r\nUnit 109",
                        "street": "Cnr Midstream Drive &amp; Midhill Blvd",
                        "area": "Centurion",
                        "email": "dutoit.nikus@gmail.com",
                        "tel": "0728529296",
                        "assessment": "Fitness and Health Assessments",
                        "booking": ""
                    },
                    {
                        "practiceName": "Zelda Lamprecht Biokineticist",
                        "physicalAddress": "Medwell SA",
                        "street": "244 Jean Avenue",
                        "area": "Centurion",
                        "email": "info@zeldabiokinetikus.co.za",
                        "tel": "0835043552 \/ 012 347 8344",
                        "assessment": "Fitness and Health assessments",
                        "booking": "<a >Please use the practice information to make a booking<\/a>"
                    },
                    {
                        "practiceName": "Lelani Botha Biokineticist",
                        "physicalAddress": "Virgin Active Rooihuiskraal",
                        "street": "Corner of Rooihuiskraal and Hendrik Verwoerd Drive",
                        "area": "Rooihuiskraal",
                        "email": "lelanibotha.bio@gmail.com",
                        "tel": "0761173122",
                        "assessment": "Fitness and Health assessments",
                        "booking": "<a >Please use the practice information to make a booking<\/a>"
                    },
                    {
                        "practiceName": "Wessels Biokineticists",
                        "physicalAddress": "Super Sport Park",
                        "street": "273 West Avenue",
                        "area": "Centurion",
                        "email": "wessels.bio@gmail.com",
                        "tel": "012 663 1572",
                        "assessment": "Fitness assessments",
                        "booking": "<a >Please use the practice information to make a booking<\/a>"
                    },
                    {
                        "practiceName": "Anel Odendaal Biokinetics",
                        "physicalAddress": "",
                        "street": "42A Estcourt Street",
                        "area": "Wierda Park",
                        "email": "bio@aobiokinetics.com",
                        "tel": "0767673132",
                        "assessment": "Fitness and Health assesssments",
                        "booking": "<a >Please use the practice information to make a booking<\/a>"
                    },
                    {
                        "practiceName": "Du Toit Biokineticists",
                        "physicalAddress": "Virgin Active Loftus Park, Shop B01",
                        "street": "Cnr of Park and Kirkness street",
                        "area": "Pretoria",
                        "email": "",
                        "tel": "0827072068",
                        "assessment": "Fitness Assessments",
                        "booking": "<a >Please call at 0827072068 or email us at dutoitbio@gmail.com<\/a>"
                    }
                ]
            },
            {
                "cityName": "Pretoria",
                "agents": [
                    {
                        "practiceName": "Mariska Meyer Biokineticist",
                        "physicalAddress": "Virgin Active Faerie Glen",
                        "street": "Haymeadow Cresent Street",
                        "area": "Faerie Glen",
                        "email": "mariskavd88@gmail.com",
                        "tel": "0724375660",
                        "assessment": "Fitness and Health Assessments",
                        "booking": "<a href=\"https:\/\/www.recomed.co.za\/\" >https:\/\/www.recomed.co.za\/<\/a>"
                    },
                    {
                        "practiceName": "Wynand van Wyk biokineticist",
                        "physicalAddress": "Virgin Active Montana,\r\nKollonade Retail Park",
                        "street": "Enkeldoorn Ave, \r\nMontana",
                        "area": "Pretoria",
                        "email": "biokinetics23@gmail.com",
                        "tel": "0824456484",
                        "assessment": "Fitness and Health Assessments",
                        "booking": "<a >Please use the practice information to make a booking<\/a>"
                    },
                    {
                        "practiceName": "Booyens Biokineticist",
                        "physicalAddress": "",
                        "street": "740 Codonia Street",
                        "area": "Waverley",
                        "email": "jolene@bbios.co.za",
                        "tel": "0824832545",
                        "assessment": "Fitness and Health Assessment",
                        "booking": "<a >Please use the practice information to make a booking<\/a>"
                    },
                    {
                        "practiceName": "Heunis and Richards Biokineticists",
                        "physicalAddress": "Corelli Wellness Centre",
                        "street": "330 Booysen Street",
                        "area": "Les Marais",
                        "email": "lizaan.heunis@gmail.com",
                        "tel": "0842833067",
                        "assessment": "Fitness and Health Assessments",
                        "booking": "<a >Please use the practice information to make a booking<\/a>"
                    },
                    {
                        "practiceName": "Venter Biokineticist",
                        "physicalAddress": "Virgin Active Menlyn",
                        "street": "241 Serene Road",
                        "area": "Garsfontein",
                        "email": "venter.biokineticists@gmail.com",
                        "tel": "0823233724",
                        "assessment": "Fitness and Health assessments",
                        "booking": "<a >Please use the practice information to make a booking<\/a>"
                    },
                    {
                        "practiceName": "Esti Delport Biokineticist",
                        "physicalAddress": "Nederkloof Unit 52",
                        "street": "816 Old Farm Road",
                        "area": "Pretoria",
                        "email": "estidelport@gmail.com",
                        "tel": "0828037028",
                        "assessment": "Fitness and Health assessments",
                        "booking": "<a >Please use the practice information to make a booking<\/a>"
                    },
                    {
                        "practiceName": "Anel de Vos Biokineticist",
                        "physicalAddress": "Virgin Active Groenkloof",
                        "street": "78 George Storrar Drive",
                        "area": "Groenkloof",
                        "email": "anel.devos@yahoo.com",
                        "tel": "0842200323",
                        "assessment": "Fitness and Health assessments",
                        "booking": "<a >Please use the practice information to make a booking<\/a>"
                    },
                    {
                        "practiceName": "Dr Susan Combrink Biokinetic Centre",
                        "physicalAddress": "BIOLIFE Health and Fitness Centre, Woodhill Park Centre",
                        "street": "948 St Bernard Drive",
                        "area": "Garsfontein",
                        "email": "prohealthbiokinetics@gmail.com",
                        "tel": "012 993 0337 or cell:  0829407194",
                        "assessment": "Fitness and Health assessments",
                        "booking": "<a >Please use the practice information to make a booking<\/a>"
                    },
                    {
                        "practiceName": "Melanie Horak Biokineticists",
                        "physicalAddress": "Virgin Active Morlette Park, Parkview Shopping Centre (lower level)",
                        "street": "Corner of Garsfontein road and Netcare Street",
                        "area": "Morlette Park",
                        "email": "mpvabios@gmail.com",
                        "tel": "0760745976",
                        "assessment": "Fitness and Health assessments",
                        "booking": "<a >Please use the practice information to make a booking<\/a>"
                    },
                    {
                        "practiceName": "Gail Louw Biokineticist",
                        "physicalAddress": "",
                        "street": "14, 24th street",
                        "area": "Menlo Park",
                        "email": "gail.fititude@gmail.com",
                        "tel": "0829539372",
                        "assessment": "Fitness and Health assessments",
                        "booking": "<a >Please use the practice information to make a booking<\/a>"
                    },
                    {
                        "practiceName": "NU Biokineticists (2)",
                        "physicalAddress": "Planet Fitness Montana,\r\nKolonnade Shopping Centre",
                        "street": "Corner of Sefako Makgatho Drive &amp; Enkeldoring Ave",
                        "area": "Montana Park",
                        "email": "montana@nubio.co.za",
                        "tel": "0711676439",
                        "assessment": "Fitness and Health assessments",
                        "booking": "<a >Please use the practice information to make a booking<\/a>"
                    },
                    {
                        "practiceName": "Nicola Macleod Biokineticist",
                        "physicalAddress": "",
                        "street": "330 Oklahoma road",
                        "area": "Faerie Glen",
                        "email": "info@bodyi.co.za",
                        "tel": "0723283663",
                        "assessment": "Fitness and Health assessments",
                        "booking": "<a >Please use the practice information to make a booking<\/a>"
                    },
                    {
                        "practiceName": "Heunis and Richards Biokineticist",
                        "physicalAddress": "Wellness House",
                        "street": "1015 St Bernard Drive",
                        "area": "Garsfontein",
                        "email": "ilani.bekker@gmail.com",
                        "tel": "0825567522",
                        "assessment": "Fitness and Health assessments",
                        "booking": "<a >Please use the practice information to make a booking<\/a>"
                    },
                    {
                        "practiceName": "Nicola Macleod Biokinetics",
                        "physicalAddress": "Planet Fitness Lynnwood Bridge",
                        "street": "4 Daventry St",
                        "area": "Lynnwood Manor",
                        "email": "info@bodyi.co.za",
                        "tel": "0723283663",
                        "assessment": "Fitness and Health assessments",
                        "booking": "<a >Please use the practice information to make a booking<\/a>"
                    },
                    {
                        "practiceName": "Hatfield Wellness",
                        "physicalAddress": "",
                        "street": "454 Hilda Street",
                        "area": "Hatfield",
                        "email": "charlesnel1@yahoo.com",
                        "tel": "0828375427",
                        "assessment": "Fitness and Health assessments",
                        "booking": "<a >Please use the practice information to make a booking<\/a>"
                    },
                    {
                        "practiceName": "Jaco Von Abo Biokineticist",
                        "physicalAddress": "",
                        "street": "143 Jochem Street",
                        "area": "Rietvleirand",
                        "email": "jaco.vonabo@gmail.com",
                        "tel": "0837760932",
                        "assessment": "Fitness and Health assessments",
                        "booking": "<a >Please use the practice information to make a booking<\/a>"
                    }
                ]
            },
            {
                "cityName": "Vereeniging",
                "agents": [
                    {
                        "practiceName": "Cherene Wilken Biokinetics",
                        "physicalAddress": "",
                        "street": "15 Limpopo Drive",
                        "area": "Three Rivers",
                        "email": "",
                        "tel": "0827714894",
                        "assessment": "Fitness and Health Assessments",
                        "booking": "<a >Please use the practice information to make a booking<\/a>"
                    }
                ]
            },
            {
                "cityName": "Krugersdorp",
                "agents": [
                    {
                        "practiceName": "Samantha Stacey Biokineticist",
                        "physicalAddress": "Virgin Active Cradlestone",
                        "street": "Cnr Hendrik Potgieter and Furrow Rd",
                        "area": "Krugersdorp",
                        "email": "cradlestonebiokinetics@gmail.com",
                        "tel": "0724528880",
                        "assessment": "Fitness and Health assessments",
                        "booking": "<a >Please use the practice information to make a booking<\/a>"
                    },
                    {
                        "practiceName": "Eugene Janse van Rensburg",
                        "physicalAddress": "Netcare Pinehaven Hospital, First Floor Doctors Rooms, Pinehaven Estate",
                        "street": "1 Gateway Street",
                        "area": "Pinehaven",
                        "email": "bss.bio@mweb.co.za",
                        "tel": "0835020601",
                        "assessment": "Fitness and Health assessments",
                        "booking": "<a >Please use the practice information to make a booking<\/a>"
                    },
                    {
                        "practiceName": "Tammy-Lee Meizli Biokineticist",
                        "physicalAddress": "Westways Shopping Centre, Upper Level Room 7",
                        "street": "200 Ouklip road",
                        "area": "Helderkruin",
                        "email": "tammyleemeizli@gmail.com",
                        "tel": "011 764 2557 or 0746033737",
                        "assessment": "Fitness and Health assessments",
                        "booking": "<a href=\"https:\/\/www.recomed.co.za\/biokineticist\/roodepoort\/tammy-lee-meizli\/\" >https:\/\/www.recomed.co.za\/biokineticist\/roodepoort\/tammy-lee-meizli\/<\/a>"
                    }
                ]
            },
            {
                "cityName": "Springs",
                "agents": [
                    {
                        "practiceName": "Gerda Joubert Registered Biokineticist",
                        "physicalAddress": "",
                        "street": "10 Newhouse street",
                        "area": "Rowhill",
                        "email": "dokgerdabio@gmail.com",
                        "tel": "0827844367",
                        "assessment": "Fitness and Health assessments",
                        "booking": "<a >Please use the practice information to make a booking<\/a>"
                    }
                ]
            },
            {
                "cityName": "Heidelberg",
                "agents": [
                    {
                        "practiceName": "Limeri Smal Biokineticist",
                        "physicalAddress": "Planet Fitness Gym",
                        "street": "42 Jacobs Street",
                        "area": "Heidelberg",
                        "email": "smal.biokinetics@gmail.com",
                        "tel": "0820509109",
                        "assessment": "Fitness and Health assessments",
                        "booking": "<a >Please use the practice information to make a booking<\/a>"
                    }
                ]
            },
            {
                "cityName": "Alberton",
                "agents": [
                    {
                        "practiceName": "AB Biokineticist",
                        "physicalAddress": "",
                        "street": "c\/o Cradock and Bodmin Road",
                        "area": "Alberante",
                        "email": "anton@ab-biokinetics.co.za",
                        "tel": "0825518222",
                        "assessment": "Fitness and Health assessments",
                        "booking": "<a >Please use the practice information to make a booking<\/a>"
                    },
                    {
                        "practiceName": "Kobus Verster Biokineticist",
                        "physicalAddress": "Virgin Active New Market",
                        "street": "25 Padstow Street",
                        "area": "Raceview",
                        "email": "kobusversterbio@gmail.com",
                        "tel": "0817210870",
                        "assessment": "Fitness and Health assessments",
                        "booking": "<a >Please use the practice information to make a booking<\/a>"
                    }
                ]
            },
            {
                "cityName": "Brakpan",
                "agents": [
                    {
                        "practiceName": "Anzelle Labuschagne Registered Biokineticist",
                        "physicalAddress": "",
                        "street": "193 Libertas road,  Sonneveld",
                        "area": "Brakpan",
                        "email": "anzellbio@gmail.com",
                        "tel": "0822681521",
                        "assessment": "Fitness and Health assessments",
                        "booking": "<a >Please use the practice information to make a booking<\/a>"
                    }
                ]
            },
            {
                "cityName": "Kempton Park",
                "agents": [
                    {
                        "practiceName": "Knott Biokineticists",
                        "physicalAddress": "Knott Biokineticists",
                        "street": "3B Vlei Street",
                        "area": "Glen Marais",
                        "email": "carle.viljoen@gmail.com or remeliaco15@gmail.com",
                        "tel": "0732808001 or 0825633641",
                        "assessment": "Fitness and Health assessments",
                        "booking": "<a >Please use the practice information to make a booking<\/a>"
                    }
                ]
            }
        ],
        "_mby": "5e55fe56316532df48000342",
        "_by": "5e55fe56316532df48000342",
        "_o": 0,
        "_modified": 1583125995,
        "_created": 1583125995,
        "_id": "5e5c95eb2ed332241957278a"
    },
    {
        "provinceTitle": "Western Cape",
        "cities": [
            {
                "cityName": "Somerset West",
                "agents": [
                    {
                        "practiceName": "Blaauw and Partners Biokinetics",
                        "physicalAddress": "Audas Estate",
                        "street": "1 Rue de Jacqeline Street",
                        "area": "Somerset West",
                        "email": "",
                        "tel": "0798789805 or 0846205948 or 0730559269",
                        "assessment": "Fitness and Health Assessment",
                        "booking": "<a href=\"https:\/\/www.recomed.co.za\/\" >https:\/\/www.recomed.co.za\/<\/a>"
                    },
                    {
                        "practiceName": "Jacqueline Kotze Biokineticist",
                        "physicalAddress": "Virgin Active Waterstone",
                        "street": "Waterstone Village, Corner of Main road and R44",
                        "area": "Somerset West",
                        "email": "jacqueline@fjk-biokineticist.co.za",
                        "tel": "0827015502",
                        "assessment": "Fitness assessments",
                        "booking": "<a >Please use the practice information to make a booking<\/a>"
                    },
                    {
                        "practiceName": "Michael James Lumb Biokineticist",
                        "physicalAddress": "126 The Jade",
                        "street": "New Rush Road",
                        "area": "Firgrove Rural",
                        "email": "michaeljameslumb@gmail.com",
                        "tel": "0603033518",
                        "assessment": "Fitness and Health assessments",
                        "booking": "<a href=\"https:\/\/truwellness.co.za\/\" >https:\/\/truwellness.co.za\/<\/a>"
                    },
                    {
                        "practiceName": "Marinda Bruwer Biokineticist",
                        "physicalAddress": "",
                        "street": "22 St James Street, Audas Estate",
                        "area": "Somerset West",
                        "email": "info@marindabruwer.co.za",
                        "tel": "0828577047",
                        "assessment": "Fitness and Health assessments",
                        "booking": "<a >Please use the practice information to make a booking<\/a>"
                    }
                ]
            },
            {
                "cityName": "Cape Town",
                "agents": [
                    {
                        "practiceName": "Moneque Roos Biokineticist",
                        "physicalAddress": "Virgin Active Claremont",
                        "street": "Cnr Main and Campground Road",
                        "area": "Claremont",
                        "email": "monequeroos@hotmail.com",
                        "tel": "0836938102 or 021 671 6812",
                        "assessment": "Fitness Assessments",
                        "booking": "<a href=\"www.bookme.co.za\" >www.bookme.co.za<\/a>"
                    },
                    {
                        "practiceName": "Deirdre Wimpey Biokineticist",
                        "physicalAddress": "Virgin Active Sunningdale",
                        "street": "Sandown Road",
                        "area": "Parklands",
                        "email": "",
                        "tel": "",
                        "assessment": "Fitness Assessments",
                        "booking": "<a href=\"www.dwbiokineticist.co.za\" >www.dwbiokineticist.co.za<\/a>"
                    },
                    {
                        "practiceName": "Jaco van Onselen Biokineticist",
                        "physicalAddress": "Roeland Square, Unit 3",
                        "street": "Drury road",
                        "area": "Gardens",
                        "email": "jaco.vanonselen@gmail.com",
                        "tel": "0829349234",
                        "assessment": "Fitness and Health assessments",
                        "booking": "<a >Please use the practice information to make a booking<\/a>"
                    },
                    {
                        "practiceName": "Jacques van Blerk Biokineticist",
                        "physicalAddress": "Virgin Active Cape Gate, Cape Gate Lifestyle Centre",
                        "street": "Corner of Okovango and Belami avenue",
                        "area": "Brackenfell",
                        "email": "jvbbios@gmail.com",
                        "tel": "0833750654",
                        "assessment": "Fitness Assessments",
                        "booking": "<a >Please use the practice information to make a booking<\/a>"
                    },
                    {
                        "practiceName": "Mitchell Heinen Biokineticist",
                        "physicalAddress": "Virgin Active Constantia",
                        "street": "Constantia Main Road",
                        "area": "Constantia",
                        "email": "",
                        "tel": "021 007 0007",
                        "assessment": "Fitness assessments",
                        "booking": "<a href=\"www.bookme.co.za\" >www.bookme.co.za<\/a>"
                    },
                    {
                        "practiceName": "Shireen Mohamed",
                        "physicalAddress": "Virgin Active Claremont",
                        "street": "Cnr Main &amp; Campground Road",
                        "area": "Claremont",
                        "email": "shireen.biokineticist@gmail.com",
                        "tel": "0840734790",
                        "assessment": "Fitness Assessment",
                        "booking": "<a href=\"www.bookme.co.za\" >www.bookme.co.za<\/a>"
                    },
                    {
                        "practiceName": "Willem Faure Biokineticist",
                        "physicalAddress": "Noble Park Centre",
                        "street": "Du Toit Street",
                        "area": "Bellville",
                        "email": "wfaure@tmail.com",
                        "tel": "0827749698",
                        "assessment": "Fitness and Health assessments",
                        "booking": "<a >Please use the practice information to make a booking<\/a>"
                    },
                    {
                        "practiceName": "Anna Malan Biokineticist",
                        "physicalAddress": "Activ8 Fitness, 13B Mikahaja Court",
                        "street": "13 Church street",
                        "area": "Durbanville",
                        "email": "",
                        "tel": "0845065480",
                        "assessment": "Fitness and Health assessments",
                        "booking": "<a href=\"https:\/\/annamalanbiokineticist.com\/\" >https:\/\/annamalanbiokineticist.com\/<\/a>"
                    },
                    {
                        "practiceName": "Liesl Pienaar Physio",
                        "physicalAddress": "Protea Valley",
                        "street": "12 Grandiflora street",
                        "area": "Bellville",
                        "email": "info@lieslphysio.co.za",
                        "tel": "0794380858",
                        "assessment": "Fitness assessments",
                        "booking": "<a href=\"www.lieslphysio.co.za\" >www.lieslphysio.co.za<\/a>"
                    },
                    {
                        "practiceName": "Rone Grobbelaar Biokineticist",
                        "physicalAddress": "Swim Hub",
                        "street": "Stirocco drive off Pinehurst drive",
                        "area": "Durbanville",
                        "email": "info@rgbio.co.za",
                        "tel": "0833575424",
                        "assessment": "Fitness and Health assessments",
                        "booking": "<a >Please use the practice information to make a booking<\/a>"
                    },
                    {
                        "practiceName": "Safwaan Ahmed Biokineticist",
                        "physicalAddress": "Virgin Active Gardens, Wembley Square",
                        "street": "McKenzie St",
                        "area": "Gardens",
                        "email": "saf.bio99@gmail.com",
                        "tel": "0837862375",
                        "assessment": "Fitness and Health assessments",
                        "booking": "<a >Please use the practice information to make a booking<\/a>"
                    },
                    {
                        "practiceName": "Johannes Janse van Rensburg Biokinetics",
                        "physicalAddress": "",
                        "street": "Corner of Bill Bezuidenhout and Sportica Cresent",
                        "area": "Tygervalley",
                        "email": "hano7777@gmail.com",
                        "tel": "0824085281",
                        "assessment": "Fitness and Health assessments",
                        "booking": "<a >Please use the practice information to make a booking<\/a>"
                    },
                    {
                        "practiceName": "Nico Uys Biokineticist",
                        "physicalAddress": "Virgin Active Durbanville, De&#39;Ville Shopping Centre",
                        "street": "Corner of Wellington &amp; Main",
                        "area": "Durbanville",
                        "email": "nico@nubio.co.za",
                        "tel": "0844026600",
                        "assessment": "Fitness and Health Assessments",
                        "booking": "<a >Please use the practice information to make a booking<\/a>"
                    },
                    {
                        "practiceName": "Natasha Angouras Biokineticist",
                        "physicalAddress": "Virgin Active Sun Valley",
                        "street": "Corner of Buller Louw and Irene Way",
                        "area": "Sun Valley",
                        "email": "sunvalleybio1@gmail.com",
                        "tel": "0828175656",
                        "assessment": "Fitness and Health assessments",
                        "booking": "<a >Please use the practice information to make a booking<\/a>"
                    },
                    {
                        "practiceName": " Brent Erasmus Biokineticist",
                        "physicalAddress": "Virgin Active Claremont",
                        "street": "Corner of Main and Campground Road",
                        "area": "Claremont",
                        "email": "brenterasmusbiokinetics@gmail.com",
                        "tel": "0721489152",
                        "assessment": "Fitness assessments",
                        "booking": "<a href=\"www.bookme.co.za\" >www.bookme.co.za<\/a>"
                    },
                    {
                        "practiceName": "Glynn Moolman Biokineticist",
                        "physicalAddress": "Virgin Active N1 City, Shop 105 Santyger Building",
                        "street": "",
                        "area": "Tygervalley",
                        "email": "glynn.moolman@gmail.com",
                        "tel": "0823985066",
                        "assessment": "Fitness and Health assessments",
                        "booking": "<a >Please use the practice information to make a booking<\/a>"
                    },
                    {
                        "practiceName": "Sport Science Institute of South Africa",
                        "physicalAddress": "SISSA (Sport Science Institute of South Africa)",
                        "street": "Boundary Road",
                        "area": "Newlands",
                        "email": "info@ssisa.com",
                        "tel": "021 659 5600",
                        "assessment": "Fitness assessments",
                        "booking": "<a >Please use the practice information to make a booking<\/a>"
                    }
                ]
            },
            {
                "cityName": "Paarl",
                "agents": [
                    {
                        "practiceName": "Danel van Pletzen Biokineticist",
                        "physicalAddress": "",
                        "street": "120 Breda Street",
                        "area": "Paarl",
                        "email": "dvp.bio@gmail.com",
                        "tel": "021 870 1420 and 0736873377",
                        "assessment": "Fitness and Health assessments",
                        "booking": "<a >Please use the practice information to make a booking<\/a>"
                    },
                    {
                        "practiceName": "Willem Faure Biokineticist",
                        "physicalAddress": "Virgin Active Paarl, New Link Building",
                        "street": "New Street",
                        "area": "Paarl",
                        "email": "wfaure@tmail.co.za",
                        "tel": "0827749698",
                        "assessment": "Fitness and Health assessments",
                        "booking": "<a >Please use the practice information to make a booking<\/a>"
                    }
                ]
            },
            {
                "cityName": "Swellendam",
                "agents": [
                    {
                        "practiceName": "Leri van Wyk Biokineticist",
                        "physicalAddress": "Tuinroete Gebou",
                        "street": "Von Manger Street",
                        "area": "Swellendam",
                        "email": "lerivw.bio@gmail.com",
                        "tel": "0763128137",
                        "assessment": "Fitness and Health assessments",
                        "booking": "<a >Please use the practice information to make a booking<\/a>"
                    }
                ]
            },
            {
                "cityName": "George",
                "agents": [
                    {
                        "practiceName": "Pieter Breytenbach Biokinetics",
                        "physicalAddress": "Virgin Active George",
                        "street": "1A Witfontein avenue",
                        "area": "George",
                        "email": "pieter.breytenbachbio@gmail.com",
                        "tel": "0829554749 or 0722346906",
                        "assessment": "Fitness assessments",
                        "booking": "<a >Please use the practice information to make a booking<\/a>"
                    }
                ]
            },
            {
                "cityName": "Stellenbosch",
                "agents": [
                    {
                        "practiceName": "Torrin Theron Biokineticist",
                        "physicalAddress": "Valerida Centre, Suite 201",
                        "street": "Piet Retief Street",
                        "area": "Stellenbosch",
                        "email": "torrintheronbio@gmail.com",
                        "tel": "0844997678",
                        "assessment": "Fitness and Health assessments",
                        "booking": "<a >Please use the practice information to make a booking<\/a>"
                    },
                    {
                        "practiceName": "Rainsford and Van Rooeyen",
                        "physicalAddress": "Virgin Active Stellenbosch",
                        "street": "Eikestad Mall, Andringa street",
                        "area": "Stellenbosch",
                        "email": "ian@stellesbios.co.za",
                        "tel": "0744183378",
                        "assessment": "Fitness assessments",
                        "booking": "<a >Please use the practice information to make a booking<\/a>"
                    }
                ]
            },
            {
                "cityName": "Mosselbaai",
                "agents": [
                    {
                        "practiceName": "Francois Swanepoel Biokineticist",
                        "physicalAddress": "Da Gama Medical Centre",
                        "street": "60 Da Gama Street",
                        "area": "Mossel Bay",
                        "email": "fs.biokinetics@gmail.com",
                        "tel": "0832675177",
                        "assessment": "Fitness and Health assessments",
                        "booking": "<a >Please use the practice information to make a booking<\/a>"
                    }
                ]
            },
            {
                "cityName": "Malmesbury",
                "agents": [
                    {
                        "practiceName": "Elizmare Loubser Biokineticist",
                        "physicalAddress": "",
                        "street": "17 Percheronstreet",
                        "area": "Malmesbury",
                        "email": "elbiokin@gmail.com",
                        "tel": "0839909146",
                        "assessment": "Fitness and Health assessments",
                        "booking": "<a >Please use the practice information to make a booking<\/a>"
                    },
                    {
                        "practiceName": "Karen Human Physiotherapy",
                        "physicalAddress": "",
                        "street": "4 Hereford Street",
                        "area": "Tafelzicht",
                        "email": "karen@ckfisio.co.za",
                        "tel": "0829271039",
                        "assessment": "Fitness assessments",
                        "booking": "<a >Please use the practice information to make a booking<\/a>"
                    }
                ]
            },
            {
                "cityName": "Robertson",
                "agents": [
                    {
                        "practiceName": "Marize van Molendorff Physiotherapists",
                        "physicalAddress": "",
                        "street": "4 Reitz straat",
                        "area": "Robertson",
                        "email": "marizevanm@gmail.com",
                        "tel": "0732384658",
                        "assessment": "Fitness assessments",
                        "booking": "<a >Please use the practice information to make a booking<\/a>"
                    }
                ]
            },
            {
                "cityName": "Worcester",
                "agents": [
                    {
                        "practiceName": "L Hugo Fisioterapeute",
                        "physicalAddress": "Beit Bracha Rehabilitasiesentrum",
                        "street": "16 Fairbairn Street",
                        "area": "Worcester",
                        "email": "admin@lhugo.co.za",
                        "tel": "023 342 2805",
                        "assessment": "Fitness assessments",
                        "booking": "<a >Please use the practice information to make a booking<\/a>"
                    }
                ]
            }
        ],
        "_mby": "5e55fe56316532df48000342",
        "_by": "5e55fe56316532df48000342",
        "_o": 1,
        "_modified": 1583125995,
        "_created": 1583125995,
        "_id": "5e5c95eb2ed332241957278b"
    },
    {
        "provinceTitle": "KwaZulu Natal",
        "cities": [
            {
                "cityName": "Durban",
                "agents": [
                    {
                        "practiceName": "Donovan Pillai Bioketicist",
                        "physicalAddress": "GetFit Fitness Centre",
                        "street": "20 Buckingham Terrace",
                        "area": "Westville",
                        "email": "donavan@dpbio.co.za",
                        "tel": "0837843971",
                        "assessment": "Fitness and Health Assessments",
                        "booking": "<a href=\"www.dpbio.co.za\" >www.dpbio.co.za<\/a>"
                    },
                    {
                        "practiceName": "Cameron Naidoo Biokinetics",
                        "physicalAddress": "",
                        "street": "158 Lenny Naidu Drive",
                        "area": "Durban",
                        "email": "cnbiokinetics@gmail.com",
                        "tel": "0832712916",
                        "assessment": "Fitness and Health Assessments",
                        "booking": "<a >Please use the practice information to make a booking<\/a>"
                    },
                    {
                        "practiceName": "Prenisha Naidoo Biokineticist",
                        "physicalAddress": "Virgin Active Toti Towers",
                        "street": "407 Andrew Zondo Road",
                        "area": "Amanzimtoti",
                        "email": "",
                        "tel": "0824482125",
                        "assessment": "Fitness and Health Assessments",
                        "booking": "<a >Please use the practice information to make a booking<\/a>"
                    },
                    {
                        "practiceName": "Jarryd Pretorius Biokinetics",
                        "physicalAddress": "The Fitness Factory at Norwood",
                        "street": "104 Adelaide Tambo Drive",
                        "area": "Durban",
                        "email": "Jarryd.Pretorius89@gmail.com",
                        "tel": "0834191056",
                        "assessment": "Fitness and Health assessments",
                        "booking": "<a href=\"http:\/\/www.biokineticistdurban.co.za\/\" >http:\/\/www.biokineticistdurban.co.za\/<\/a>"
                    },
                    {
                        "practiceName": "T. Chetty Registered Biokineticists",
                        "physicalAddress": "Virgin Active Moses Mobhida",
                        "street": "44 Isiah Ntshangase Road, Stamford Hill",
                        "area": "Durban",
                        "email": "tas@durbanbiokinetics.co.za",
                        "tel": "0845640928",
                        "assessment": "Fitness and Health Assessments",
                        "booking": "<a href=\"https:\/\/www.dibiz.com\/tas\" >https:\/\/www.dibiz.com\/tas<\/a>"
                    },
                    {
                        "practiceName": "Alysha Dennison Biokineticist",
                        "physicalAddress": "Virgin Active Westville",
                        "street": "Corner Buckingham Terrace &amp; Menstone Drive",
                        "area": "Westville",
                        "email": "alysha@adbiokineticsts.com",
                        "tel": "0824425559 \/ 0823111708",
                        "assessment": "Fitness and Health Assessments",
                        "booking": "<a >Please use the practice information to make a booking<\/a>"
                    },
                    {
                        "practiceName": "Justin Bircher and Associates",
                        "physicalAddress": "Virgin Active La Lucia",
                        "street": "37 Amstrong Avenue",
                        "area": "La Lucia",
                        "email": "garth@thebio.co.za",
                        "tel": "031 822 7636 \/ 0844042268",
                        "assessment": "Fitness and Health assessments",
                        "booking": "<a >Please use the practice information to make a booking<\/a>"
                    },
                    {
                        "practiceName": "Kiruben Naicker Biokineticist",
                        "physicalAddress": "Life Mount Edgecomb Hospital,\r\nMedical Centre, Annexure A, Suite 7B",
                        "street": "163-169 Redberry Drive",
                        "area": "Phoenix",
                        "email": "",
                        "tel": "031 502 7369 for bookings and 0825007060 for emergencies",
                        "assessment": "Fitness and Health assessments",
                        "booking": "<a >Please use the practice information to make a booking<\/a>"
                    },
                    {
                        "practiceName": "Matthew Lister Biokineticist",
                        "physicalAddress": "The Pavilion Shopping Centre, Dis-Chem Pavilion, Shop 105-106.",
                        "street": "5 Jack Martens Drive",
                        "area": "Westville",
                        "email": "listermd@gmail.com",
                        "tel": "0826096329",
                        "assessment": "Fitness and Health assessments",
                        "booking": "<a >Please use the practice information to make a booking<\/a>"
                    },
                    {
                        "practiceName": "Y Dass Biokineticist",
                        "physicalAddress": "St Augustine&#39;s Hospital",
                        "street": "107 JB Marks Rd",
                        "area": "Glenwood",
                        "email": "yasteel@gmail.com",
                        "tel": "0798912193",
                        "assessment": "Fitness and Health assesments",
                        "booking": "<a >Please use the practice information to make a booking<\/a>"
                    },
                    {
                        "practiceName": "Shivesh Bisoon Biokineticist",
                        "physicalAddress": "Virgin Active Gateway, Gateway Theater of Shopping",
                        "street": "1 Palm Boulevard",
                        "area": "Umhlanga Ridge",
                        "email": "sbbiokineticist@gmail.com",
                        "tel": "0716067876",
                        "assessment": "Fitness and Health assessments",
                        "booking": "<a >Please use the practice information to make a booking<\/a>"
                    },
                    {
                        "practiceName": "Justin Bircher and Associates",
                        "physicalAddress": "Virgin Active Kloof\r\nFields Shopping Centre",
                        "street": "Corner of Old Main Rd &amp; Fields Walk",
                        "area": "Kloof",
                        "email": "megan@thebio.co.za and chloe@thebio.co.za",
                        "tel": "0736337542 \/ 0767844650",
                        "assessment": "Fitness and Health assessments",
                        "booking": "<a >Please use the practice information to make a booking<\/a>"
                    },
                    {
                        "practiceName": "Thanujj Kisten Biokineticist",
                        "physicalAddress": "Virgin Active Pavillion, The Pavillion shopping centre",
                        "street": "5 Jackson Martin Drive",
                        "area": "Durban",
                        "email": "travinok@gmail.com",
                        "tel": "0814090949",
                        "assessment": "Fitness and Health assessments",
                        "booking": "<a >Please use the practice information to make a booking<\/a>"
                    },
                    {
                        "practiceName": "Jenna van der Merwe Biokineticist",
                        "physicalAddress": "Core Medical Centre",
                        "street": "20 Gainsborough Drive",
                        "area": "Durban North",
                        "email": "jenna@lungilehealth.com",
                        "tel": "031 563 0079 \/ 0762989061",
                        "assessment": "Fitness and health assessments",
                        "booking": "<a >Please use the practice information to make a booking<\/a>"
                    },
                    {
                        "practiceName": "T Chetty Registered Biokineticists",
                        "physicalAddress": "Virgin Active The Atrium",
                        "street": "430 Peter Mokaba Ridge, Essenwood",
                        "area": "Berea",
                        "email": "tas@durbanbiokinetics.co.za",
                        "tel": "0845640928",
                        "assessment": "Fitness and Health assessments",
                        "booking": "<a >Please use the practice information to make a booking<\/a>"
                    },
                    {
                        "practiceName": "SA Biokineticists Inc",
                        "physicalAddress": "Virgin Active Kingspark",
                        "street": "43 Isaiah Ntshangase Rd",
                        "area": "Stamford Hill",
                        "email": "nicole@sabiokinetics.co.za ",
                        "tel": "082 467 7349",
                        "assessment": "Fitness assessments",
                        "booking": "<a >Please use the practice information to make a booking<\/a>"
                    },
                    {
                        "practiceName": "Kaz Bowyer Biokineticist",
                        "physicalAddress": "Virgin Active Hillcrest, Hillcrest Shopping Centre",
                        "street": "57 Old Main Rd",
                        "area": "Hillcrest",
                        "email": "kazbowyer15@gmail.com",
                        "tel": "0822544629",
                        "assessment": "Fitness assessments",
                        "booking": "<a >Please use the practice information to make a booking<\/a>"
                    }
                ]
            },
            {
                "cityName": "Pietermartizburg",
                "agents": [
                    {
                        "practiceName": "Nicola Portela Biokineticist",
                        "physicalAddress": "Virgin Active Pietermaritzburg",
                        "street": "37 McCarthy road",
                        "area": "Montrose",
                        "email": "nportela901@yahoo.com",
                        "tel": "0741872920",
                        "assessment": "Fitness assessments",
                        "booking": "<a >Please use the practice information to make a booking<\/a>"
                    }
                ]
            },
            {
                "cityName": "Port Schepstone",
                "agents": [
                    {
                        "practiceName": "Steph Kriel Biokineticist",
                        "physicalAddress": "Mt Caramel Building",
                        "street": "Marine Drive",
                        "area": "Shelly Beach",
                        "email": "stephkriel.bio@gmail.com",
                        "tel": "0833108671",
                        "assessment": "Fitness assessments",
                        "booking": "<a >Please use the practice information to make a booking<\/a>"
                    },
                    {
                        "practiceName": "DebbiJoy Muller Biokineticist",
                        "physicalAddress": "Hillside Cresent",
                        "street": "",
                        "area": "Oslo Beach",
                        "email": "debbiem.bio@gmail.com",
                        "tel": "0746032355",
                        "assessment": "Fitness and Health assessments",
                        "booking": "<a >Please use the practice information to make a booking<\/a>"
                    }
                ]
            },
            {
                "cityName": "Ballito",
                "agents": [
                    {
                        "practiceName": "SA Biokineticists Inc",
                        "physicalAddress": "IMF Private Gym",
                        "street": "1 Ballito Drive",
                        "area": "Ballito",
                        "email": "dswigz@gmail.com or nic.acampora@gmail.com",
                        "tel": "Dwain:  0790137712 or Nic: 0712537668",
                        "assessment": "Fitness Assessments",
                        "booking": "<a >Please use the practice information to make a booking<\/a>"
                    },
                    {
                        "practiceName": "Maritza van der Westhuizen Biokineticist",
                        "physicalAddress": "",
                        "street": "Corner of Ballito Drive and Moffat Drive",
                        "area": "Ballito",
                        "email": "m.vanderwesthuizen@icloud.com",
                        "tel": "0828986531",
                        "assessment": "Fitness and Health assessments",
                        "booking": "<a >Please use the practice information to make a booking<\/a>"
                    }
                ]
            },
            {
                "cityName": "Salt Rock",
                "agents": [
                    {
                        "practiceName": "Melanie Coetzee Biokineticist",
                        "physicalAddress": "Eden Health, Suite 8, Eden Village",
                        "street": "Old Fort Road",
                        "area": "Salt Rock",
                        "email": "",
                        "tel": "0732272458",
                        "assessment": "Fitness and Health assessments",
                        "booking": "<a >Please use the practice information to make a booking<\/a>"
                    }
                ]
            },
            {
                "cityName": "Scottburgh",
                "agents": [
                    {
                        "practiceName": "M.R. Khan Biokineticists ",
                        "physicalAddress": "",
                        "street": "46 Preston Road",
                        "area": "Park Rynie",
                        "email": "riyaaz@mrkbios.co.za",
                        "tel": "0837864425",
                        "assessment": "Fitness and Health assessments",
                        "booking": "<a >Please use the practice information to make a booking<\/a>"
                    }
                ]
            }
        ],
        "_mby": "5e55fe56316532df48000342",
        "_by": "5e55fe56316532df48000342",
        "_o": 2,
        "_modified": 1583125995,
        "_created": 1583125995,
        "_id": "5e5c95eb2ed332241957278c"
    },
    {
        "provinceTitle": "Limpopo",
        "cities": [
            {
                "cityName": "Polokwane",
                "agents": [
                    {
                        "practiceName": "Chris Herbst Biokineticist",
                        "physicalAddress": "",
                        "street": "153 Outspan Drive",
                        "area": "Polokwane",
                        "email": "herbst_jc@yahoo.com",
                        "tel": "082 544 8352",
                        "assessment": "Health and Fitness Assessments",
                        "booking": "<a >Please use the practice information to make a booking<\/a>"
                    },
                    {
                        "practiceName": "Lizanne Dreyer Biokineticist",
                        "physicalAddress": "Body Life Gym",
                        "street": "62 McDonald Street",
                        "area": "Polokwane",
                        "email": "zestbio@mweb.co.za",
                        "tel": "0834595294",
                        "assessment": "Fitness and Health assessments",
                        "booking": "<a >Please use the practice information to make a booking<\/a>"
                    },
                    {
                        "practiceName": "Mbombi Biokinetics",
                        "physicalAddress": "Virgin Active Thornhill",
                        "street": "Cnr Munnik &amp; Veldspaat Street",
                        "area": "Polokwane",
                        "email": "info@mbombibios.co.za",
                        "tel": "0823673770",
                        "assessment": "",
                        "booking": ""
                    }
                ]
            },
            {
                "cityName": "Phalaborwa",
                "agents": [
                    {
                        "practiceName": "Xtreme Health and Fitness Centre",
                        "physicalAddress": "Oppisite 46",
                        "street": "Sealene Street",
                        "area": "Phalaborwa",
                        "email": "xhcentre@gmail.com",
                        "tel": "015 781 3817",
                        "assessment": "Fitness and Health assessments",
                        "booking": "<a >Please use the practice information to make a booking<\/a>"
                    }
                ]
            },
            {
                "cityName": "Tzaneen",
                "agents": [
                    {
                        "practiceName": "Cornell Jacobs Biokineticist",
                        "physicalAddress": "Gym at Ben Voster, Ben Vorster High School",
                        "street": "01 Boundary street",
                        "area": "Tzaneen",
                        "email": "corneljacobsbk@gmail.com",
                        "tel": "0723806382",
                        "assessment": "Fitness and Health assessments",
                        "booking": "<a >Please use the practice information to make a booking<\/a>"
                    }
                ]
            }
        ],
        "_mby": "5e55fe56316532df48000342",
        "_by": "5e55fe56316532df48000342",
        "_o": 3,
        "_modified": 1583125995,
        "_created": 1583125995,
        "_id": "5e5c95eb2ed332241957278d"
    },
    {
        "provinceTitle": "Mpumalanga",
        "cities": [
            {
                "cityName": "Witbank",
                "agents": [
                    {
                        "practiceName": "Lee-Ann Nieuwoudt Biokineticist",
                        "physicalAddress": "Rubicon Medical Centre,\r\nRoom 101",
                        "street": "33 Geringer street, \r\nDel Judor",
                        "area": "Witbank",
                        "email": "lnieuwoudt.biokinetics@gmail.com",
                        "tel": "0716893913",
                        "assessment": "Fitness and Health Assessments",
                        "booking": "<a >Please use the practice information to make a booking<\/a>"
                    },
                    {
                        "practiceName": "Labuschagne Biokinetiicst",
                        "physicalAddress": "Curro Bankenveld High School",
                        "street": "Silverlane Reyno Ridge",
                        "area": "Witbank",
                        "email": "albrielab@gmail.com",
                        "tel": "0823329929",
                        "assessment": "Fitness and Health assessments",
                        "booking": "<a >Please use the practice information to make a booking<\/a>"
                    }
                ]
            },
            {
                "cityName": "Nelspruit",
                "agents": [
                    {
                        "practiceName": "Harry Wiltshire Biokineticists",
                        "physicalAddress": "",
                        "street": "30 Orange Street",
                        "area": "West Acres",
                        "email": "emaaswork@gmail.com",
                        "tel": "013 741 1820",
                        "assessment": "Fitness and Health Assessments",
                        "booking": "<a >Please use the practice information to make a booking<\/a>"
                    },
                    {
                        "practiceName": "Van Zyl Biokineticist",
                        "physicalAddress": "Virgin Active Nelspruit, Nelspruit Sport Grounds",
                        "street": "Cnr N4 &amp; Genral Dan Pienaar rd",
                        "area": "Nelspruit",
                        "email": "vanzyl.wait@gmail.com",
                        "tel": "0836288824",
                        "assessment": "Fitness and Health assessements",
                        "booking": "<a >Please use the practice information to make a booking<\/a>"
                    }
                ]
            },
            {
                "cityName": "Middelburg",
                "agents": [
                    {
                        "practiceName": "Melissa Enslin Biokineticist",
                        "physicalAddress": "",
                        "street": "24 Viljoen Street",
                        "area": "Middelburg",
                        "email": "bio.middelburg@gmail.com",
                        "tel": "0829243346",
                        "assessment": "Fitness and Health assessments",
                        "booking": "<a href=\"https:\/\/bookme.guru\/melissaenslin\/\" >https:\/\/bookme.guru\/melissaenslin\/<\/a>"
                    }
                ]
            },
            {
                "cityName": "Secunda",
                "agents": [
                    {
                        "practiceName": "Minette Schneider Biokinetika",
                        "physicalAddress": "",
                        "street": "3 Nicol street",
                        "area": "Secunda",
                        "email": "info@minetteschneider.co.za",
                        "tel": "0847677800",
                        "assessment": "Fitness and Health assessments",
                        "booking": "<a >Please use the practice information to make a booking<\/a>"
                    }
                ]
            },
            {
                "cityName": "Bethal",
                "agents": [
                    {
                        "practiceName": "Juanette de Villiers Biokineticist",
                        "physicalAddress": "",
                        "street": "75 Tsibitso Sibanyoni Str.",
                        "area": "Bethal",
                        "email": "juanettedevilliers@gmail.com",
                        "tel": "0824597829",
                        "assessment": "Fitness and Health assessments",
                        "booking": "<a >Please use the practice information to make a booking<\/a>"
                    }
                ]
            }
        ],
        "_mby": "5e55fe56316532df48000342",
        "_by": "5e55fe56316532df48000342",
        "_o": 4,
        "_modified": 1583125995,
        "_created": 1583125995,
        "_id": "5e5c95eb2ed332241957278e"
    },
    {
        "provinceTitle": "North West",
        "cities": [
            {
                "cityName": "Klerksdorp",
                "agents": [
                    {
                        "practiceName": "Isabeau van Heerden Biokineticist ",
                        "physicalAddress": "",
                        "street": "12 Yusuf Dadoo Avenue",
                        "area": "Wilkoppies",
                        "email": "isabeauvh@vodamail.co.za",
                        "tel": "0823753456 \/ 018 462 5958",
                        "assessment": "Fitness and Health Assessments",
                        "booking": "<a >Please use the practice information to make a booking<\/a>"
                    }
                ]
            },
            {
                "cityName": "Rustenburg",
                "agents": [
                    {
                        "practiceName": "Nortje Biokineticist",
                        "physicalAddress": "ZZQ Office Park",
                        "street": "194 Kock Street",
                        "area": "Rustenburg",
                        "email": "nortje.bio@gmail.com",
                        "tel": "0721419044",
                        "assessment": "Fitness and Health Assessments",
                        "booking": "<a >Please use the practice information to make a booking<\/a>"
                    },
                    {
                        "practiceName": "Esta Biokinetic Centre",
                        "physicalAddress": "",
                        "street": "26 Zand Street",
                        "area": "Rustenburg",
                        "email": "",
                        "tel": "0823778682",
                        "assessment": "Fitness and Health Assessments",
                        "booking": "<a >Please use the practice information to make a booking<\/a>"
                    }
                ]
            },
            {
                "cityName": "Potchefstroom",
                "agents": [
                    {
                        "practiceName": "Marietjie Stander Biokineticist",
                        "physicalAddress": "",
                        "street": "6 Meyer Street,\r\nBult",
                        "area": "Potchefstroom",
                        "email": "marietjiebio@gmail.com",
                        "tel": "018 287 8001 \/ 0722891689",
                        "assessment": "Fitness and Health Assessments",
                        "booking": "<a >Please use the practice information to make a booking<\/a>"
                    },
                    {
                        "practiceName": "Neri Terblanche Biokineticist",
                        "physicalAddress": "Virgin Active Potchefstroom",
                        "street": "6 Fleishack street",
                        "area": "Potchefstroom",
                        "email": "neriterblanche@yahoo.com",
                        "tel": "0833377830",
                        "assessment": "Fitness Assessments",
                        "booking": "<a >Please use the practice information to make a booking<\/a>"
                    }
                ]
            },
            {
                "cityName": "Vryburg",
                "agents": [
                    {
                        "practiceName": "De Clercq Matthee Biokinetika",
                        "physicalAddress": "",
                        "street": "49 Springbok Street",
                        "area": "Vryburg",
                        "email": "ldcmatthee@gmail.com",
                        "tel": "0722268422",
                        "assessment": "Fitness and Health assessments",
                        "booking": "<a >Please use the practice information to make a booking<\/a>"
                    }
                ]
            }
        ],
        "_mby": "5e55fe56316532df48000342",
        "_by": "5e55fe56316532df48000342",
        "_o": 5,
        "_modified": 1583125995,
        "_created": 1583125995,
        "_id": "5e5c95eb2ed332241957278f"
    },
    {
        "provinceTitle": "Free State",
        "cities": [
            {
                "cityName": "Bloemfontein",
                "agents": [
                    {
                        "practiceName": "Jaco Ebertsohn Biokinetics",
                        "physicalAddress": "Quest Lifestyle Gym",
                        "street": "Du Plessis Road, \r\nLangenehoven Park",
                        "area": "Bloemfontein",
                        "email": "bloembios@gmail.com",
                        "tel": "0716824725",
                        "assessment": "Fitness and Health Assessments",
                        "booking": "<a href=\"https:\/\/www.recomed.co.za\/\" >https:\/\/www.recomed.co.za\/<\/a>"
                    },
                    {
                        "practiceName": "Morne Castelyn Biokinetics",
                        "physicalAddress": "Pretty Garden Lifestyle Centre, \r\nShop 17A &amp; B",
                        "street": "Du Plessis Avenue",
                        "area": "Bloemfontein",
                        "email": "morne@sportperformanceclinic.co.za",
                        "tel": "051 451 2237",
                        "assessment": "Fitness and Health assessments",
                        "booking": "<a >Please use the practice information to make a booking<\/a>"
                    },
                    {
                        "practiceName": "Ronel Labuschagne Biokineticist",
                        "physicalAddress": "",
                        "street": "57 Kenneth Kaunda Road",
                        "area": "Helicon Heights",
                        "email": "info@ronellabuschagne.co.za",
                        "tel": "0799214377 or 0848042281",
                        "assessment": "Fitness and Health assessments",
                        "booking": "<a >Please use the practice information to make a booking<\/a>"
                    },
                    {
                        "practiceName": "Annelize Strauss Biokineticist",
                        "physicalAddress": "Virgin Active Northridge Mall",
                        "street": "Kenneth Kahunda Drive",
                        "area": "Bloemfontein",
                        "email": "annelizestraussbio@yahoo.com",
                        "tel": "0835007397",
                        "assessment": "Fitness and Health assessents",
                        "booking": "<a >Please use the practice information to make a booking<\/a>"
                    },
                    {
                        "practiceName": "Welmarie van Niekerk Biokineticist",
                        "physicalAddress": "",
                        "street": "57 Brill street",
                        "area": "Westdene",
                        "email": "welmarievniekerk@gmail.com",
                        "tel": "0721205246",
                        "assessment": "Fitness and Health assessments",
                        "booking": "<a >Please use the practice information to make a booking<\/a>"
                    },
                    {
                        "practiceName": "Christel Swart Biokineticist",
                        "physicalAddress": "",
                        "street": "2 White Road",
                        "area": "Waverley",
                        "email": "christelbotha5@gmail.com",
                        "tel": "0785049325",
                        "assessment": "Fitness and Health assessments",
                        "booking": "<a >Please use the practice information to make a booking<\/a>"
                    }
                ]
            },
            {
                "cityName": "Welkom",
                "agents": [
                    {
                        "practiceName": "Trevor Marais Biokineticist",
                        "physicalAddress": "Virgin Active Welkom",
                        "street": "Corner of Meulen and Long Road",
                        "area": "Welkom",
                        "email": "trevormarais1@gmail.com",
                        "tel": "0837933522",
                        "assessment": "Fitness assessments",
                        "booking": "<a >Please use the practice information to make a booking<\/a>"
                    }
                ]
            }
        ],
        "_mby": "5e55fe56316532df48000342",
        "_by": "5e55fe56316532df48000342",
        "_o": 6,
        "_modified": 1583125995,
        "_created": 1583125995,
        "_id": "5e5c95eb2ed3322419572790"
    },
    {
        "provinceTitle": "Northern Cape",
        "cities": [
            {
                "cityName": "KImberley",
                "agents": [
                    {
                        "practiceName": "Ansone Hugo Biokineticist",
                        "physicalAddress": "Virgin Active Kimberley",
                        "street": "Corner of Waterworks and Jacobus Smit Avenue",
                        "area": "Kimberley",
                        "email": "hugo.biokineticist@gmail.com",
                        "tel": "0734204549",
                        "assessment": "Fitness and Health assessments",
                        "booking": "<a >Please use the practice information to make a booking<\/a>"
                    },
                    {
                        "practiceName": "Marinda Rudman",
                        "physicalAddress": "",
                        "street": "8 Steenberg avenue",
                        "area": "Royldene",
                        "email": "",
                        "tel": "0846082540",
                        "assessment": "Fitness and Health assessments",
                        "booking": "<a >Please use the practice information to make a booking<\/a>"
                    },
                    {
                        "practiceName": "Melanie Botha Biokineticist",
                        "physicalAddress": "The Urban Corner",
                        "street": "c\/o Jacobus Smit Ave and Waterworks St",
                        "area": "Kimberley",
                        "email": "melanie.biokinetika@gmail.com",
                        "tel": "0824519305",
                        "assessment": "Fitness assessments",
                        "booking": "<a >Please use the practice information to make a booking<\/a>"
                    }
                ]
            }
        ],
        "_mby": "5e55fe56316532df48000342",
        "_by": "5e55fe56316532df48000342",
        "_o": 7,
        "_modified": 1583125995,
        "_created": 1583125995,
        "_id": "5e5c95eb2ed3322419572791"
    },
    {
        "provinceTitle": "Eastern Cape",
        "cities": [
            {
                "cityName": "East London",
                "agents": [
                    {
                        "practiceName": "Elazar",
                        "physicalAddress": "",
                        "street": "22 Oakleigh Road",
                        "area": "Beacon Bay",
                        "email": "kerishkenaicker@gmail.com",
                        "tel": "0822118565",
                        "assessment": "Fitness and Health assessments",
                        "booking": "<a >Please use the practice information to make a booking<\/a>"
                    }
                ]
            },
            {
                "cityName": "Port Elizabeth",
                "agents": [
                    {
                        "practiceName": "Carmen van Rensburg Biokineticist",
                        "physicalAddress": "Life St. Georges Hospital",
                        "street": "Suite 4, Cardiac Centre, 40 Park Drive",
                        "area": "Port Elizabeth",
                        "email": "cvr.biok@gmail.com",
                        "tel": "0763705415",
                        "assessment": "Fitness and Health Assessments",
                        "booking": "<a >Prefer to book via email or leave message on cell phone number<\/a>"
                    },
                    {
                        "practiceName": "Simone Swanepoel Biokineticist",
                        "physicalAddress": "",
                        "street": "23 Pickering Street",
                        "area": "Newton Park",
                        "email": "simonebiokineticist@gmail.com",
                        "tel": "0832681992",
                        "assessment": "Fitness assessments",
                        "booking": "<a href=\"https:\/\/www.recomed.co.za\/\" >https:\/\/www.recomed.co.za\/<\/a>"
                    },
                    {
                        "practiceName": "Ferreira Biokinetics",
                        "physicalAddress": "Humewood Centre,\r\nVirgin Active Humewood",
                        "street": "",
                        "area": "Humewood",
                        "email": "mfbiok@gmai.com",
                        "tel": "0741979358",
                        "assessment": "Fitness and Health assessments",
                        "booking": "<a >Please use the practice information to make a booking<\/a>"
                    },
                    {
                        "practiceName": "Aretha Potgieter Biokineticist",
                        "physicalAddress": "The Health Centre",
                        "street": "219 Cape Road",
                        "area": "Mill Park",
                        "email": "arethabio@iburst.co.za",
                        "tel": "0844748185",
                        "assessment": "Fitness and Health assessments",
                        "booking": "<a >Please use the practice information to make a booking<\/a>"
                    }
                ]
            },
            {
                "cityName": "Graaf-Reinet",
                "agents": [
                    {
                        "practiceName": "Christi Potgieter Biokinetics and Conditioning ",
                        "physicalAddress": "",
                        "street": "84 Caledon Street",
                        "area": "Graaf-Reinet",
                        "email": "christislabbert23@gmail.com",
                        "tel": "0726018657",
                        "assessment": "Fitness and Health assessments",
                        "booking": "<a >Please use the practice information to make a booking<\/a>"
                    }
                ]
            }
        ],
        "_mby": "5e55fe56316532df48000342",
        "_by": "5e55fe56316532df48000342",
        "_o": 8,
        "_modified": 1583125995,
        "_created": 1583125995,
        "_id": "5e5c95eb2ed3322419572792"
    }
]